ean,product_,type,giftset_inhoud,aantal,inkoop_prijs,eu_clean
85715806529,Dunhil Century for Men EDP 135 ml,GIFTSET,75 ml BL + 100 ml Hairspray,5,25.50,EU Clean
887167188952,Aerin Amber Musk EDP 100 ml,EDP,,0,44.00,EU Clean
887167001978,Aerin Amber Musk EDP 50 ml,EDP,,0,32.00,EU Clean
887167188983,Aerin Evening Rose EDP 100 ml,EDP,,0,39.00,EU Clean
887167001992,Aerin Evening Rose EDP 50 ml,EDP,,0,50.00,EU Clean
887167188884,Aerin Gardenia Rattan EDP 100 ml,EDP,,0,39.00,EU Clean
887167360068,Aerin Hibiscus Palm EDP 50 ml,EDP,,0,33.00,EU Clean
887167109421,Aerin Ikat Jasmine Bodycream 150 ml,BC,,0,9.75,EU Clean
887167188976,Aerin Ikat Jasmine EDP 100 ml,EDP,,0,38.00,EU Clean
887167188976,Aerin Ikat Jasmine EDP 100 ml ,EDP,,0,28.00,EU Clean
887167151055,Aerin Iris Meadow Bodycream 150 ml ,BC,,0,9.75,EU Clean
887167188969,Aerin Lilac Path EDP 100 ml,EDP,,0,50.00,EU Clean
887167188969,Aerin Lilac Path EDP 100 ml,EDP,,0,28.00,EU Clean
887167001961,Aerin Lilac Path EDP 50 ml,EDP,,0,28.00,EU Clean
887167191365,Aerin Mediterranean Honeysuckle Bodycream 150 ml,BC,,0,9.75,EU Clean
887167191327,Aerin Mediterranean Honeysuckle EDP 50 ml,EDP,,0,32.00,EU Clean
887167236295,Aerin Tangier Vanille Bodycream 150 ml ,BC,,0,9.75,EU Clean
887167236264,Aerin Tangier Vanille EDP 100 ml,EDP,,0,50.00,EU Clean
887167236257,Aerin Tangier Vanille EDP 50 ml,EDP,,0,35.00,EU Clean
887167236257,Aerin Tangier Vanille EDP 50 ml,EDP,,0,28.00,EU Clean
887167118218,Aerin Waterlily Sun EDP 50 ml,EDP,,0,32.00,EU Clean
4013670501995,Aigner Black for Men EDT 125 ml,EDT,,0,,EU Clean
4013670005639,Aigner Blue for Men EDT 125 ml,EDT,,1,17.84,EU Clean
4013670000016,Aigner N°1 Platinum pour Homme EDT 100 ml,EDT,,1,16.00,EU Clean
4013670000023,Aigner N°1 Platinum pour Homme EDT 50 ml,EDT,,2,13.00,EU Clean
4013670506150,Aigner Starlight EDP 100 ml,EDP,,0,,EU Clean
3700753002272,Alexandre J Mandarine Sultane EDP 100 ml,EDP,,0,34.31,EU Clean
3700753000100,Alexandre J Western Leather EDP 100 ml,EDP,,2,40.07,EU Clean
701666360001,Amouage Beloved Woman EDP 100 ml,EDP,,0,80.00,EU Clean
701666263005,Amouage Blossom Love Woman EDP 100 ml,EDP,,0,123.28,EU Clean
701666116912,Amouage Fate Man EDP 50 ml,EDP,,2,78.03,EU Clean
701666116110,Amouage Fate Woman EDP 50 ml,EDP,,2,78.03,EU Clean
701666319924,Amouage Figment Man EDP 100 ml,EDP,,0,113.24,EU Clean
701666319122,Amouage Figment Woman EDP 100 ml,EDP,,0,70.00,EU Clean
701666314929,Amouage Honour Man EDP 100 ml,EDP,,0,80.00,EU Clean
701666314127,Amouage Honour Woman EDP 100 ml,EDP,,0,90.00,EU Clean
701666320128,Amouage Imitation Woman EDP 100 ml,EDP,,0,100.50,EU Clean
701666315926,Amouage Interlude Man EDP 100 ml,EDP,,0,118.21,EU Clean
701666111061,Amouage Jubilation 25 Woman EDP 50 ml,EDP,,0,78.03,EU Clean
701666024194,Amouage Library Collection Opus I EDP 100 ml,EDP,,0,99.41,EU Clean
701666028888,Amouage Library Collection Opus IV EDP 100 ml,EDP,,0,104.39,EU Clean
701666262008,Amouage Lilac Love Woman EDP 100 ml,EDP,,0,90.98,EU Clean
701666313120,Amouage Memoir Woman EDP 100 ml,EDP,,0,80.00,EU Clean
701666311171,Amouage Reflection Woman EDP 100 ml,EDP,,0,98.12,EU Clean
3552576200102,Annayake An'na EDP 100 ml,EDP,,0,34.95,EU Clean
3552575001106,Annayake Love Her EDT 100 ml,EDT,,0,,EU Clean
3552575002004,Annayake Matsuri EDT 100 ml,EDT,,0,,EU Clean
3552576100105,Annayake Miyabi Man EDT 100 ml,EDT,,0,29.95,EU Clean
3552575000857,Annayake Natsumi EDT 100 ml,EDT,,0,31.00,EU Clean
3552575200103,Annayake Undo EDT 100 ml,EDT,,0,,EU Clean
22548006719,Aramis Classic EDT 110 ml,EDT,,0,29.16,EU Clean
22548268117,Aramis Classic Giftset ASL 120 ml + DSP 200 ml ,GIFTSET,ASL + DSP 200 ml ,0,,EU Clean
22548323281,Aramis Classic Giftset EDT 60 ml + DSP 200 ml ,GIFTSET,DSP 200 ml,0,,EU Clean
22548094044,Aramis Life Aftershave 100 ml,ASL,,0,,EU Clean
3614271992932,Armani Acqua di Gio Absolu EDP 125 ml,EDP,,0,56.00,EU Clean
3614271992901,Armani Acqua di Gio Absolu EDP 75 ml,EDP,,0,48.50,EU Clean
3360372058885,Armani Acqua di Gio After Shave Lotion 100 ml,ASL,,0,31.00,EU Clean
3360372062196,Armani Acqua di Gio ASB 100 ml,ASB,,0,28.52,EU Clean
3360372062196,Armani Acqua di Gio ASB 100 ml,ASB,,0,29.95,EU Clean
3360372058885,Armani Acqua di Gio ASL 100 ml,ASL,,0,34.50,EU Clean
3360372058892,Armani Acqua di Gio Deospray 150 ml,DSP,,0,18.50,EU Clean
3360372060734,Armani Acqua di Gio Deostick 75 ml,DST,,0,15.50,EU Clean
3360372058878,Armani Acqua di Gio EDT 100 ml,EDT,,568,41.00,EU Clean
3360372078500,Armani Acqua di Gio EDT 200 ml,EDT,,0,55.00,EU Clean
3360372058939,Armani Acqua di Gio EDT 30 ml,EDT,,0,22.00,EU Clean
3360372058861,Armani Acqua di Gio EDT 50 ml,EDT,,0,29.75,EU Clean
3605521419439,Armani Acqua di Gio Essenza EDP 180 ml,EDP,,0,,EU Clean
3605521530332,Armani Acqua di Gio Essenza EDP 40 ml,EDP,,0,28.00,EU Clean
3605521419378,Armani Acqua di Gio Essenza EDP 75 ml,EDP,,0,,EU Clean
3360372054559,Armani Acqua di Gio pour Femme EDT 100 ml,EDT,,0,36.00,EU Clean
3360372054153,Armani Acqua di Gio pour Femme EDT 35 ml,EDT,,0,24.00,EU Clean
3614270254697,Armani Acqua di Gio Profumo EDP 125 ml,EDP,,0,54.07,EU Clean
3614270157622,Armani Acqua di Gio Profumo EDP 40 ml,EDP,,0,30.00,EU Clean
3614270157639,Armani Acqua di Gio Profumo EDP 75 ml,EDP,,0,40.00,EU Clean
3605520300172,Armani Acqua di Gio Recharge EDT 100 ml,EDT,,0,32.00,EU Clean
3360372067214,Armani Acqua di Gio Showergel 200 ml,SG,,0,14.00,EU Clean
3605521739629,Armani Acqua di Gioia Eau Fraîche EDT 100 ml,EDT,,0,32.00,EU Clean
3605521739483,Armani Acqua di Gioia Eau Fraîche EDT 50 ml,EDT,,0,24.00,EU Clean
3605521172525,Armani Acqua di Gioia EDP 100 ml ,EDP,,0,45.00,EU Clean
3605521172648,Armani Acqua di Gioia EDP 30 ml,EDP,,0,23.00,EU Clean
3605521172587,Armani Acqua di Gioia EDP 50 ml,EDP,,0,28.00,EU Clean
3605521475411,Armani Acqua di Gioia Essenza EDP 100 ml,EDP,,0,,EU Clean
3605521895424,Armani Acqua di Gioia Giftset EDP 30 ml + BL 75 ml ,GIFTSET,BL 75 ml ,0,,EU Clean
3614271381392,Armani Air di Gioia EDP 50 ml ,EDP,,0,28.00,EU Clean
3605520301544,Armani Attitude EDT 50 ml,EDT,,0,28.00,EU Clean
3605520301605,Armani Attitude EDT 75 ml,EDT,,0,38.00,EU Clean
3605520964503,Armani Attitude Extreme EDT 75 ml,EDT,,0,40.00,EU Clean
3605522040946,Armani Because It’s You EDP 30 ml,EDP,,0,26.00,EU Clean
3605522041004,Armani Because It’s You EDP 50 ml,EDP,,0,35.00,EU Clean
3605522041486,Armani Because It's You EDP 100 ml,EDP,,0,40.00,EU Clean
3614272095410,Armani Because It's You Giftset EDP 30 ml + BL 75 ml ,EDP,,0,29.06,EU Clean
3614272372597,Armani Because It's You Giftset EDP 30 ml + BL 75 ml ,EDP,,0,31.85,EU Clean
3614272544437,Armani Code Femme Absolu EDP 50 ml,EDP,,0,30.00,EU Clean
3360375004049,Armani Code Femme EDP 30 ml,EDP,,0,17.00,EU Clean
3360375004056,Armani Code Femme EDP 50 ml,EDP,,0,33.00,EU Clean
3360375010972,Armani Code Femme EDP 75 ml ,EDP,,0,51.50,EU Clean
3605520292484,Armani Code Femme EDT 50 ml,EDT,,0,32.00,EU Clean
3605520292545,Armani Code Femme EDT 75 ml,EDT,,0,39.00,EU Clean
3614272297630,Armani Code Femme Giftset EDP 50 ml + SG 75 ml + BL 75 ml,EDP,,0,43.95,EU Clean
3605521414359,Armani Code Femme Giftset EDP 50 ml + SG 75 ml + BL 50 ml ,EDP,,0,43.50,EU Clean
3660732002306,Armani Code Femme Giftset EDP 75 ml + BL 75 ml ,EDP,,0,49.50,EU Clean
3614272407442,Armani Code Homme Absolu EDP 110 ml,EDP,,0,55.00,EU Clean
3614272407435,Armani Code Homme Absolu EDP 60 ml,EDP,,0,30.00,EU Clean
3360372115519,Armani Code Homme ASL 100 ml,ASL,,0,34.50,EU Clean
3360372115595,Armani Code Homme Deospray 150 ml,DSP,,0,18.95,EU Clean
3360375006432,Armani Code Homme EDT 125 ml,EDT,,0,45.00,EU Clean
8718758319320,Armani Code Homme EDT 50 ml ,EDT,,0,,EU Clean
3360372100522,Armani Code Homme EDT 75 ml,EDT,,0,37.50,EU Clean
3614272296824,Armani Code Homme Giftset EDT 50 ml + SG 75 ml + ASB 75 ml,GIFTSET,SG 75 ml + ASB 75 ml,0,33.50,EU Clean
3614271005007,Armani Code Homme Giftset EDT 50 ml + SG 75 ml + ASB 75 ml ,GIFTSET,SG 75 ml + ASB 75 ml ,0,36.50,EU Clean
3614270581670,Armani Code Homme Profumo EDP 110 ml,EDP,,0,45.00,EU Clean
3614270581656,Armani Code Homme Profumo EDP 60 ml,EDP,,0,30.00,EU Clean
3614270288937,Armani Code Homme Shaving Cream 150 ml,SC,,0,15.00,EU Clean
3605521569103,Armani Code Homme Sport Athlete Fraîche EDT 75 ml,EDT,,0,36.00,EU Clean
3605521321602,Armani Code Homme Sport EDT 50 ml,EDT,,0,28.00,EU Clean
3605521322203,Armani Code Homme Sport EDT 75 ml,EDT,,0,,EU Clean
3136664001330,Armani Code Luna Eau Sensuelle EDT 75 ml,EDT,,0,34.00,EU Clean
3605520380310,Armani Diamonds EDP 100 ml,EDP,,0,30.00,EU Clean
3605520380198,Armani Diamonds EDP 30 ml,EDP,,0,15.00,EU Clean
3605520380259,Armani Diamonds EDP 50 ml,EDP,,0,27.00,EU Clean
3605521000538,Armani Diamonds EDT 50 ml,EDT,,0,27.00,EU Clean
3605520380976,Armani Diamonds for Men EDT 30 ml,EDT,,0,12.50,EU Clean
3605520381034,Armani Diamonds for Men EDT 50 ml,EDT,,0,26.00,EU Clean
3605520381096,Armani Diamonds for Men EDT 75 ml,EDT,,0,25.00,EU Clean
3605520888595,Armani Diamonds Intense EDP 50 ml ,EDP,,0,27.90,EU Clean
3605521819987,Armani Diamonds Rose EDT 50 ml,EDT,,1,24.00,EU Clean
3605521174147,Armani Diamonds Summer EDT 100 ml,EDT,,0,,EU Clean
3614270284922,Armani Eau de Cedre EDT 100 ml,EDT,,0,40.00,EU Clean
3605521695178,Armani Eau de Nuit pour Homme EDT 100 ml,EDT,,0,31.00,EU Clean
3605521544353,Armani Eau pour Homme EDT 100 ml,EDT,,0,,EU Clean
3360372061830,Armani He/Lui EDT 100 ml,EDT,,0,38.00,EU Clean
3360372061816,Armani He/Lui EDT 30 ml,EDT,,0,15.00,EU Clean
3360372061823,Armani He/Lui EDT 50 ml,EDT,,0,29.75,EU Clean
3605520996276,Armani He/Lui Limited Edition EDT 50 ml ,EDT,,0,,EU Clean
3605520916342,Armani Idole D'Armani EDP 30 ml,EDP,,0,35.00,EU Clean
3605520916403,Armani Idole D'Armani EDP 50 ml,EDP,,0,45.00,EU Clean
3605520916465,Armani Idole D'Armani EDP 75 ml,EDP,,0,40.00,EU Clean
3605521234285,Armani Idole D'Armani EDT 50 ml,EDT,,0,40.00,EU Clean
3605521234346,Armani Idole D'Armani EDT 75 ml,EDT,,0,60.00,EU Clean
3360372089872,Armani Mania pour Femme EDP 50 ml,EDP,,0,,EU Clean
3360372089896,Armani Mania pour Femme EDP 75 ml,EDP,,0,,EU Clean
3605520839481,Armani Onde Extase EDP 100 ml,EDP,,0,40.00,EU Clean
3605520839429,Armani Onde Extase EDP 50 ml,EDP,,0,30.00,EU Clean
3605520840326,Armani Onde Mystère EDP 100 ml,EDP,,0,40.00,EU Clean
3605520838644,Armani Onde Vertige EDP 100 ml,EDP,,0,40.00,EU Clean
3605520838583,Armani Onde Vertige EDP 50 ml,EDP,,0,30.00,EU Clean
3605520262517,Armani Remix for Her EDP 100 ml,EDP,,0,34.00,EU Clean
3605520262449,Armani Remix for Her EDP 30 ml,EDP,,0,19.00,EU Clean
3605520262388,Armani Remix for Him EDT 100 ml,EDT,,0,34.00,EU Clean
3605520262319,Armani Remix for Him EDT 30 ml,EDT,,0,19.00,EU Clean
3360372061809,Armani She/Elle EDP 100 ml,EDP,,0,42.00,EU Clean
3360372061786,Armani She/Elle EDP 30 ml,EDP,,0,21.50,EU Clean
3360372061793,Armani She/Elle EDP 50 ml,EDP,,0,28.50,EU Clean
3605521816658,Armani Si EDP 100 ml,EDP,,0,55.00,EU Clean
3614270952654,Armani Si EDP 150 ml ,EDP,,0,65.00,EU Clean
3605521816511,Armani Si EDP 30 ml,EDP,,0,30.00,EU Clean
3605521816580,Armani Si EDP 50 ml,EDP,,0,40.00,EU Clean
3605522035423,Armani Si EDT 100 ml,EDT,,0,42.00,EU Clean
3614272508323,Armani Si Fiori EDP 100 ml,EDP,,0,53.00,EU Clean
3614272508224,Armani Si Fiori EDP 50 ml,EDP,,0,30.00,EU Clean
3614272764897,Armani Si Fiori Giftset EDP 50 ml + SG 75 ml + BL 75 ml,GIFTSET,SG 75 ml + BL 75 ml,0,47.50,EU Clean
3614271535542,Armani Si Giftset EDP 100 ml + EDP 7 ml + BL 75 ml + Tas,GIFTSET,EDP 7 ml + BL 75 ml + Tas ,0,67.50,EU Clean
3614271695208,Armani Si Giftset EDP 50 ml + Mascara 2 ml + Lippenstift 1.5 ml ,GIFTSET,Mascara 2 ml + Lippenstift 1.5 ml ,0,46.95,EU Clean
3614272297685,Armani Si Giftset EDP 50 ml + SG 75 ml + BL 75 ml,GIFTSET,SG 75 ml + BL 75 ml,0,44.95,EU Clean
3605522035300,Armani Si Intense EDP 100 ml,EDP,,0,42.00,EU Clean
3605522035188,Armani Si Intense EDP 30 ml ,EDP,,0,35.00,EU Clean
3605522035249,Armani Si Intense EDP 50 ml,EDP,,0,37.00,EU Clean
3614271994844,Armani Si Passione EDP 100 ml,EDP,,0,53.00,EU Clean
3614271994721,Armani Si Passione EDP 30 ml,EDP,,0,28.00,EU Clean
3614271994806,Armani Si Passione EDP 50 ml ,EDP,,0,37.00,EU Clean
3614272542006,Armani Si Passione Giftset EDP 30 ml + BL 75 ml,GIFTSET,BL 75 ml,0,33.45,EU Clean
3614272799691,Armani Si Passione Giftset EDP 50 ml + EDP 7 ml + BL 75 ml,GIFTSET,EDP 7 ml + BL 75 ml,0,48.50,EU Clean
3614272635838,Armani Si Passione Red Maestro EDP 100 ml,EDP,,5,57.00,EU Clean
3605522040588,Armani Stronger With You EDT 100 ml,EDT,,0,42.90,EU Clean
3614272299320,Armani Stronger With You Giftset EDT 50 ml + SG 75 ml + ASB 75 ml,GIFTSET,SG 75 ml + ASB 75 ml,0,32.50,EU Clean
3605520347931,Armani White for Him RED Edition EDT 100 ml,EDT,,0,32.00,EU Clean
8002135133075,Atkinsons Amber Empire EDT 100 ml,EDT,,0,40.00,EU Clean
8002135139169,Atkinsons His Majesty The Oud EDP 100 ml,EDP,,0,50.00,EU Clean
8002135116955,Atkinsons The Nupital Bouquet EDT 100 ml,EDT,,1,40.00,EU Clean
3351500920037,Azzaro Chrome EDT 100 ml ,EDT,,0,22.95,EU Clean
3351500920068,Azzaro Chrome EDT 200 ml,EDT,,0,33.00,EU Clean
3351500959686,Azzaro Chrome Giftset EDT 100 ml + 75 g DST,GIFTSET,DST 75 g  (gram??),0,29.50,EU Clean
3351500952724,Azzaro Now Men EDT 80 ml ,EDT,,0,13.00,EU Clean
3351500980406,Azzaro pour Homme EDT 100 ml,EDT,,0,19.00,EU Clean
3351500980086,Azzaro pour Homme EDT 200 ml,EDT,,0,31.00,EU Clean
3351500992669,Azzaro pour Homme Giftset EDT 100 ml + DSP 150 ml ,GIFTSET,DSP 150 ml,0,28.00,EU Clean
3351500956012,Azzaro Visit for Women EDP 50 ml,EDP,,0,,EU Clean
3351500002696,Azzaro Wanted EDT 50 ml,EDT,,0,17.00,EU Clean
3351500003037,Azzaro Wanted Giftset EDT 50 ml + DST 75 ml ,GIFTSET,DST 75 ml,0,30.95,EU Clean
737052076911,Baldessarini Ambré EDT 50 ml,EDT,,0,18.00,EU Clean
4011700906017,Baldessarini Ambré EDT 90 ml,EDT,,0,23.50,EU Clean
4011700906208,Baldessarini Ambre Oud EDP 90 ml,EDP,,0,26.50,EU Clean
4011700902019,Baldessarini Baldessarini Concentree EDC 75 ml,EDC,,0,23.50,EU Clean
4011700902699,Baldessarini Black EDT 75 ml,EDT,,0,20.00,EU Clean
4011700919017,Baldessarini Cool Force EDT 50 ml,EDT,,1,24.90,EU Clean
4011700919178,Baldessarini Cool Force Sport EDT 90 ml ,EDT,,4,20.00,EU Clean
737052449456,Baldessarini Del Mar EDT 50 ml,EDT,,0,16.20,EU Clean
4011700904013,Baldessarini Del Mar EDT 90 ml,EDT,,0,19.50,EU Clean
737052152189,Baldessarini Del Mar Marbella Edition EDT 50 ml,EDT,,0,15.12,EU Clean
4011700920013,Baldessarini Nautic Spirit  EDT 90 ml,EDT,,3,17.00,EU Clean
3614222809265,Balenciaga B Intense EDP 30 ml,EDP,,5,12.00,EU Clean
3607342021358,Balenciaga Paris EDP 30 ml,EDP,,16,26.00,EU Clean
3607342023062,Balenciaga Paris EDP 50 ml,EDP,,0,,EU Clean
7640111508243,Bentley for Men Absolute EDP 100 ml ,EDP,,3,25.00,EU Clean
7640163970012,Bentley Infinite EDT 100 ml,EDT,,0,17.00,EU Clean
7640163970029,Bentley Infinite Intense EDP 100 ml ,EDP,,0,20.00,EU Clean
7640163971286,Bentley Infinite Rush EDT 60 ml,EDT,,3,12.00,EU Clean
7640171190327,Bentley Momentum EDT 100 ml,EDT,,1,19.00,EU Clean
7640171191140,Bentley Momentum Unlimited EDT 100 ml,EDT,,0,20.00,EU Clean
7640171191140,Bentley Momentum Unlimited EDT 100 ml ,EDT,,3,20.00,EU Clean
4011700362141,Betty Barclay Beautiful Eden EDP 20 ml,EDP,,0,6.20,EU Clean
4011700362158,Betty Barclay Beautiful Eden EDT 50 ml,EDT,,0,8.50,EU Clean
4011700364282,Betty Barclay Bohemian Romance EDP 20 ml,EDP,,0,6.20,EU Clean
4011700364305,Betty Barclay Bohemian Romance EDT 50 ml,EDT,,0,8.50,EU Clean
4011700337460,Betty Barclay Pure Pastel Peach EDP 20 ml,EDP,,1,6.20,EU Clean
4011700337477,Betty Barclay Pure Pastel Peach EDT 20 ml,EDT,,1,5.20,EU Clean
4011700337422,Betty Barclay Pure Pastel Rose EDP 20 ml,EDP,,1,6.20,EU Clean
4011700337439,Betty Barclay Pure Pastel Rose EDT 20 ml,EDT,,2,5.20,EU Clean
3607344343892,Beyoncé Heat EDP 100 ml,EDP,,0,,EU Clean
3607340302565,Beyoncé Heat Rush EDT 100 ml,EDT,,0,,EU Clean
3607346189726,Beyoncé Midnight Heat EDP 30 ml,EDP,,0,,EU Clean
3607344972962,Beyoncé Pulse EDP 50 ml,EDP,,0,,EU Clean
3607348700844,Beyoncé Pulse NYC EDP 50 ml,EDP,,0,,EU Clean
3367729202403,Biotherm Eau D'Énergie EDT 100 ml,EDT,,0,9.75,EU Clean
3614272491007,Biotherm Eau Fusion EDT 100 ml,EDT,,0,23.50,EU Clean
3614271640826,Biotherm Eau Relax EDT 100 ml,EDT,,0,9.75,EU Clean
3367729571097,Biotherm Eau Vitaminée EDT 100 ml,EDT,,0,9.75,EU Clean
3614270274671,Biotherm L'Eau EDT 100 ml,EDT,,0,9.75,EU Clean
3614223750535,Bottega Veneta Eau de Velours EDP 50 ml,EDP,,0,27.00,EU Clean
3614222442875,Bottega Veneta Eau Sensuelle EDP 50 ml,EDP,,0,18.00,EU Clean
3614222443049,Bottega Veneta Eau Sensuelle EDP 75 ml,EDP,,0,30.00,EU Clean
3607343871754,Bottega Veneta Essence Aromatique pour Homme EDC 50 ml ,EDC,,0,28.00,EU Clean
3607343866743,Bottega Veneta Giftset EDP 50 ml + BL 100 ml,EDP,,0,38.00,EU Clean
3614224152109,Bottega Veneta Giftset EDP 50 ml + BL 100 ml,EDP,,0,38.00,EU Clean
3607343827768,Bottega Veneta Knot Eau Florale EDP 30 ml,EDP,,0,15.00,EU Clean
3607343589178,Bottega Veneta pour Homme EDT 200 ml,EDT,,0,45.00,EU Clean
3386460036351,Boucheron Femme EDP 100 ml,EDP,,0,33.50,EU Clean
3577580001163,Boucheron Femme EDP 50 ml,EDP,,0,,EU Clean
3386460036757,Boucheron Femme EDT 100 ml,EDT,,0,26.50,EU Clean
3386460080194,Boucheron Iris de Syracuse EDP 125 ml,EDP,,0,30.00,EU Clean
3386460036467,Boucheron Jaïpur Bracelet EDP 100 ml,EDP,,0,22.00,EU Clean
3386460036528,Boucheron Jaïpur Homme EDP 100 ml,EDP,,0,31.00,EU Clean
3386460036504,Boucheron Jaïpur Homme EDT 100 ml,EDT,,0,25.75,EU Clean
3577580603046,Boucheron Jaïpur Homme EDT 50 ml,EDT,,0,19.44,EU Clean
3577586000047,Boucheron Jaïpur Homme Fraîcheur Limited Edition EDT 100 ml,EDT,,0,21.60,EU Clean
3577588000052,Boucheron Miss Boucheron EDP 100 ml,EDP,,2,21.50,EU Clean
3386460080224,Boucheron Neroli EDP 125 ml,EDP,,3,59.81,EU Clean
3577580202089,Boucheron pour Homme EDP 100 ml,EDP,,0,30.00,EU Clean
3386460036405,Boucheron pour Homme EDT 100 ml,EDT,,0,16.00,EU Clean
3577582000041,Boucheron pour Homme Fraîcheur Limited Edition EDT 100 ml,EDT,,0,26.00,EU Clean
3386460087056,Boucheron Quatre Absolu de Nuit EDP 100 ml,EDP,,6,22.00,EU Clean
3386460087056,Boucheron Quatre Absolu de Nuit Femme EDP 100 ml,EDP,,0,25.00,EU Clean
3386460106191,Boucheron Quatre Absolu de Nuit Giftset EDP 100 ml + BL 100 ml + SG 100 ml,EDP,,1,26.00,EU Clean
3386460066075,Boucheron Quatre EDP 100 ml,EDP,,0,26.90,EU Clean
3386460066075,Boucheron Quatre EDP 100 ml ,EDP,,14,26.50,EU Clean
3386460087117,Boucheron Quatre pour Homme Absolu de Nuit EDP 100 ml  ,EDP,,0,22.00,EU Clean
3386460066136,Boucheron Quatre pour Homme EDT 100 ml ,EDT,,0,22.00,EU Clean
3386460097024,Boucheron Quatre pour Homme Giftset EDT 100 ml + ASB 100 ml + SG 100 ml,EDT,,0,26.00,EU Clean
719346094665,Britney Spears Midnight Fantasy EDP 100 ml,EDP,,0,19.44,EU Clean
719346155618,Britney Spears Midnight Fantasy EDP 15 ml,EDP,,0,3.90,EU Clean
4082800160159,Bruno Banani About Men EDT 50 ml,EDT,,0,,EU Clean
737052599663,Bruno Banani Dangerous Man Deospray 150 ml,DSP,,0,2.87,EU Clean
737052508641,Bruno Banani Dangerous Man EDT 30 ml,EDT,,0,10.00,EU Clean
737052508689,Bruno Banani Dangerous Man EDT 50 ml ,EDT,,1,6.90,EU Clean
737052508726,Bruno Banani Dangerous Man EDT 75 ml,EDT,,0,,EU Clean
737052591681,Bruno Banani Dangerous Woman EDT 100 ml,EDT,,0,,EU Clean
737052591643,Bruno Banani Dangerous Woman EDT 60 ml ,EDT,,0,12.50,EU Clean
737052880679,Bruno Banani Dangerous Woman Giftset EDT 20 ml + SG 50 ml,EDT,,0,6.50,EU Clean
3614226778864,Bruno Banani Dortmund BVB EDT 50 ml,EDT,,0,7.25,EU Clean
737052599618,Bruno Banani Made for Men Deospray 150 ml,DSP,,0,2.87,EU Clean
737052274621,Bruno Banani Made for Men EDT 30 ml,EDT,,0,10.00,EU Clean
737052274669,Bruno Banani Made for Men EDT 50 ml,EDT,,0,10.00,EU Clean
737052274683,Bruno Banani Made for Men EDT 75 ml,EDT,,0,11.00,EU Clean
737052385914,Bruno Banani Made for Women EDP 40 ml,EDP,,0,8.50,EU Clean
737052386003,Bruno Banani Made for Women EDT 40 ml,EDT,,0,,EU Clean
737052386041,Bruno Banani Made for Women EDT 60 ml ,EDT,,0,12.50,EU Clean
8005610326931,Bruno Banani Magic Man EDT 30 ml,EDT,,0,5.84,EU Clean
8005610326962,Bruno Banani Magic Man EDT 50 ml,EDT,,0,9.00,EU Clean
737052119854,Bruno Banani Magic Man EDT 75 ml,EDT,,0,12.00,EU Clean
737052215983,Bruno Banani Magic Woman EDT 20 ml,EDT,,0,5.25,EU Clean
4004711119309,Bruno Banani Man Deostick 75 ml,DST,,38,5.80,EU Clean
4004711113703,Bruno Banani Man EDT 50 ml,EDT,,0,12.00,EU Clean
4082800351304,Bruno Banani Pure Man EDT 30 ml,EDT,,0,10.00,EU Clean
730870139097,Bruno Banani Pure Man EDT 50 ml,EDT,,0,6.50,EU Clean
737052056913,Bruno Banani Pure Woman EDT 40 ml,EDT,,0,,EU Clean
737052885278,Bruno Banani Woman EDP 40 ml,EDP,,0,9.95,EU Clean
737052903606,Bruno Banani Woman EDT 20 ml,EDT,,0,4.90,EU Clean
737052885131,Bruno Banani Woman EDT 40 ml,EDT,,0,7.90,EU Clean
737052885131,Bruno Banani Woman EDT 40 ml,EDT,,4,7.90,EU Clean
737052880969,Bruno Banani Woman Giftset EDT 20 ml + SG 50 ml,EDT,,0,5.95,EU Clean
3014230021039,Brut Brut EDT 100 ml,EDT,,0,,EU Clean
5045358591140,Burberry Body EDP 35 ml,EDP,,0,12.00,EU Clean
5045352419150,Burberry Body EDP 60 ml,EDP,,0,22.00,EU Clean
5045352419129,Burberry Body EDP 85 ml,EDP,,0,23.00,EU Clean
3386460045421,Burberry Body EDT 35 ml,EDT,,0,12.00,EU Clean
3386460044202,Burberry Body Giftset EDP 60 ml + Bodylotion 35 ml ,EDP,,0,,EU Clean
3386460038089,Burberry Body Giftset EDP 85 ml + Bodylotion 85 ml ,EDP,,0,,EU Clean
5045352410393,Burberry Body Intense EDP 60 ml,EDP,,0,15.00,EU Clean
3386460035606,Burberry Body Intense EDP 85 ml,EDP,,0,,EU Clean
5045418236974,Burberry Body Tender EDT 3 x 15 ml,EDT,,0,16.50,EU Clean
5045377630653,Burberry Body Tender EDT 35 ml ,EDT,,0,18.00,EU Clean
5045377630622,Burberry Body Tender EDT 60 ml,EDT,,0,13.00,EU Clean
5045377630592,Burberry Body Tender EDT 85 ml,EDT,,0,21.00,EU Clean
5045377630592,Burberry Body Tender EDT 85 ml,EDT,,6,21.00,EU Clean
3386463021842,Burberry Brit Bodylotion 150 ml,BL,,0,14.00,EU Clean
3136664019168,Burberry Brit EDP 100 ml,EDP,,0,26.50,EU Clean
3136664019175,Burberry Brit EDP 50 ml,EDP,,0,21.00,EU Clean
5045411327044,Burberry Brit EDT 100 ml,EDT,,0,28.50,EU Clean
3386463021804,Burberry Brit EDT 30 ml,EDT,,0,18.00,EU Clean
5045252667941,Burberry Brit EDT 50 ml,EDT,,0,16.00,EU Clean
5045252668009,Burberry Brit for Men EDT 100 ml ,EDT,,0,19.00,EU Clean
3386463023631,Burberry Brit for Men EDT 30 ml,EDT,,0,17.00,EU Clean
5045252668030,Burberry Brit for Men EDT 50 ml,EDT,,0,17.00,EU Clean
3386460045315,Burberry Brit for Men Summer Edition EDT 100 ml,EDT,,0,15.00,EU Clean
3386460026314,Burberry Brit Limited Edition EDP 100 ml,EDP,,0,30.00,EU Clean
3386460026338,Burberry Brit Limited Edition for Men EDT 100 ml,EDT,,0,,EU Clean
3386463025345,Burberry Brit Red EDP 50 ml,EDP,,0,,EU Clean
5045415436940,Burberry Brit Rhythm EDT 50 ml,EDT,,0,13.00,EU Clean
5045415436919,Burberry Brit Rhythm EDT 90 ml,EDT,,0,17.00,EU Clean
5045410636437,Burberry Brit Rhythm for Men EDT 90 ml,EDT,,0,,EU Clean
5045454003417,Burberry Brit Rhythm for Men Intense EDT 50 ml,EDT,,3,17.00,EU Clean
5045252667392,Burberry for Men EDT 100 ml ,EDT,,0,23.50,EU Clean
3136664002153,Burberry for Men EDT 30 ml,EDT,,0,12.00,EU Clean
3386460080026,Burberry for Men EDT 50 ml ,EDT,,0,19.50,EU Clean
3614226905789,Burberry for Men EDT 50 ml ,EDT,,6,13.00,EU Clean
3386460090018,Burberry for Women EDP 100 ml,EDP,,0,19.00,EU Clean
3386460090032,Burberry for Women EDP 30 ml ,EDP,,0,17.00,EU Clean
3614227693876,Burberry Her EDP 100 ml,EDP,,0,30.00,EU Clean
3386463038888,Burberry London EDP 100 ml,EDP,,0,26.50,EU Clean
3614226905185,Burberry London EDP 100 ml ,EDP,,12,27.00,EU Clean
3386463038901,Burberry London EDP 30 ml,EDP,,0,18.00,EU Clean
3386463038895,Burberry London EDP 50 ml,EDP,,0,21.95,EU Clean
3386463039625,Burberry London for Men EDT 100 ml,EDT,,0,22.00,EU Clean
3614226905215,Burberry London for Men EDT 100 ml ,EDT,,12,26.00,EU Clean
3386463039649,Burberry London for Men EDT 30 ml,EDT,,0,18.00,EU Clean
3386463039632,Burberry London for Men EDT 50 ml,EDT,,0,19.00,EU Clean
5045497416274,Burberry Mr Burberry EDP 150 ml,EDP,,0,34.00,EU Clean
5045456747685,Burberry Mr Burberry EDT 100 ml,EDT,,0,24.90,EU Clean
5045456773318,Burberry Mr Burberry EDT 150 ml,EDT,,1,29.90,EU Clean
5045456773318,Burberry Mr Burberry EDT 150 ml,EDT,,4,29.90,EU Clean
5045456747654,Burberry Mr Burberry EDT 50 ml ,EDT,,0,28.00,EU Clean
5045499485797,Burberry Mr Burberry Giftset EDP 50 ml + EDP 7.5 ml,EDP,,0,28.95,EU Clean
5045497481715,Burberry Mr Burberry Giftset EDT 100 ml + Deostick 75 g ,EDT,,0,30.00,EU Clean
5045491010843,Burberry Mr Burberry Giftset EDT 50 ml + Showergel 75 ml ,EDT,,0,33.00,EU Clean
5045551783670,Burberry Mr Burberry Indigo EDT 50 ml,EDT,,0,25.00,EU Clean
3614227703414,Burberry Mr Burberry Indigo Giftset EDT 100 ml + EDT 30 ml,EDT,,8,29.00,EU Clean
5045493329011,Burberry My Burberry Black EDP 90 ml,EDP,,0,30.00,EU Clean
5045498902158,Burberry My Burberry Blush EDP 50 ml,EDP,,0,25.00,EU Clean
5045419039628,Burberry My Burberry EDP 50 ml ,EDP,,0,25.00,EU Clean
5045419039611,Burberry My Burberry EDP 90 ml ,EDP,,0,42.00,EU Clean
5045497638805,Burberry My Burberry Giftset EDP 50 ml + BL 75 ml ,EDP,,0,28.00,EU Clean
3386460018647,Burberry Sport for Men EDT 50 ml,EDT,,0,18.00,EU Clean
3386460018630,Burberry Sport for Men EDT 75 ml,EDT,,0,22.00,EU Clean
3386460018494,Burberry Sport for Women EDT 50 ml,EDT,,0,18.00,EU Clean
3386460018487,Burberry Sport for Women EDT 75 ml,EDT,,0,22.00,EU Clean
3386460006972,Burberry The Beat EDP 50 ml,EDP,,0,23.50,EU Clean
3386460006965,Burberry The Beat EDP 75 ml,EDP,,0,26.50,EU Clean
3386460016520,Burberry The Beat EDT 75 ml,EDT,,0,25.92,EU Clean
3386460013611,Burberry The Beat for Men EDT 100 ml,EDT,,0,24.00,EU Clean
3386460013628,Burberry The Beat for Men EDT 50 ml,EDT,,0,18.50,EU Clean
3386460007016,Burberry The Beat Showergel 150 ml,SG,,0,12.00,EU Clean
3386463710203,Burberry Touch EDP 100 ml,EDP,,0,26.00,EU Clean
3614226905000,Burberry Touch EDP 100 ml ,EDP,,32,19.00,EU Clean
3386463710227,Burberry Touch EDP 30 ml,EDP,,0,12.96,EU Clean
3136664019304,Burberry Touch EDP 50 ml ,EDP,,14,13.50,EU Clean
3136664019304,Burberry Touch EDP 50 ml ,EDP,,16,14.87,EU Clean
5045252648988,Burberry Touch for Men EDT 100 ml,EDT,,0,26.50,EU Clean
5045252648988,Burberry Touch for Men EDT 100 ml  ,EDT,,2,21.00,EU Clean
3386463810323,Burberry Touch for Men EDT 30 ml,EDT,,0,14.00,EU Clean
3386463302750,Burberry Weekend Bodylotion 200 ml,BL,,0,12.00,EU Clean
3386463302705,Burberry Weekend Deospray 150 ml,DSP,,0,12.00,EU Clean
3614226905284,Burberry Weekend EDP 100 ml,EDP,,8,18.00,EU Clean
5045252667484,Burberry Weekend EDP 100 ml ,EDP,,18,25.00,EU Clean
3386463302743,Burberry Weekend EDP 30 ml,EDP,,0,15.00,EU Clean
3614227748323,Burberry Weekend EDP 50 ml,EDP,,2,13.00,EU Clean
3386463402818,Burberry Weekend for Men EDT 100 ml,EDT,,0,20.52,EU Clean
3614227748446,Burberry Weekend for Men EDT 100 ml ,EDT,,4,17.00,EU Clean
3386463402832,Burberry Weekend for Men EDT 30 ml,EDT,,0,15.00,EU Clean
3386463402825,Burberry Weekend for Men EDT 50 ml,EDT,,0,14.04,EU Clean
3386463302767,Burberry Weekend Showergel 200 ml,SG,,0,12.00,EU Clean
783320911538,Bvlgari Aqva Amara EDT 100 ml ,EDT,,0,29.50,EU Clean
783320913068,Bvlgari Aqva Atlantiqve pour Homme EDT 30 ml ,EDT,,0,18.00,EU Clean
783320913068,Bvlgari Aqva Atlantiqve pour Homme EDT 30 ml ,EDT,,2,19.90,EU Clean
783320913037,Bvlgari Aqva Atlantiqve pour Homme EDT 50 ml,EDT,,0,21.90,EU Clean
783320482007,Bvlgari Aqva Divina EDT 25 ml,EDT,,0,16.50,EU Clean
783320482106,Bvlgari Aqva Divina EDT 40 ml,EDT,,0,15.00,EU Clean
783320482502,Bvlgari Aqva Divina EDT 65 ml,EDT,,1,22.00,EU Clean
783320913525,Bvlgari Aqva Marine pour Homme EDT 100 ml,EDT,,0,27.50,EU Clean
783320913563,Bvlgari Aqva Marine pour Homme EDT 150 ml,EDT,,0,36.75,EU Clean
783320911521,Bvlgari Aqva pour Homme EDT 100 ml,EDT,,0,,EU Clean
783320911224,Bvlgari Aqva pour Homme EDT 30 ml,EDT,,0,17.50,EU Clean
788320911026,Bvlgari Aqva pour Homme EDT 50 ml,EDT,,0,22.00,EU Clean
783320977213,Bvlgari Aqva pour Homme Giftset EDT 100 ml + DST 75 ml ,EDT,,6,39.06,EU Clean
783320803611,Bvlgari Aqva pour Homme Giftset EDT 100 ml + Showergel 75 ml + Toilettas ,EDT,,0,,EU Clean
783320851025,Bvlgari Black EDT 75 ml,EDT,,0,,EU Clean
783320872150,Bvlgari BLV EDP 40 ml,EDP,,0,16.20,EU Clean
783320872556,Bvlgari BLV EDP 75 ml,EDP,,0,30.00,EU Clean
783320942006,Bvlgari BLV II EDP 30 ml,EDP,,0,,EU Clean
783320942037,Bvlgari BLV II EDP 50 ml,EDP,,0,21.60,EU Clean
783320942068,Bvlgari BLV II EDP 75 ml,EDP,,0,30.24,EU Clean
783320881589,Bvlgari BLV pour Homme EDT 100 ml,EDT,,0,25.92,EU Clean
783320881060,Bvlgari BLV pour Homme EDT 50 ml,EDT,,0,17.28,EU Clean
783320472503,Bvlgari Eau Parfumée au Thé Blanc EDC 75 ml,EDC,,0,28.00,EU Clean
783320931529,Bvlgari Eau Parfumée au Thé Rouge EDC 100 ml,EDC,,0,26.00,EU Clean
783320931024,Bvlgari Eau Parfumée au Thé Rouge EDC 50 ml,EDC,,0,20.00,EU Clean
783320471506,Bvlgari Eau Parfumée au Thé Vert EDC 75 ml,EDC,,0,28.00,EU Clean
783320502002,Bvlgari Goldea EDP 25 ml,EDP,,0,28.00,EU Clean
783320502101,Bvlgari Goldea EDP 50 ml,EDP,,0,28.00,EU Clean
783320502507,Bvlgari Goldea EDP 90 ml,EDP,,4,36.00,EU Clean
783320479151,Bvlgari Goldea The Roman Night Sensuelle EDP 75 ml,EDP,,0,34.00,EU Clean
783320459412,Bvlgari Goldea The Roman Night Sensuelle Giftset EDP 75 ml + SG 75 ml + BL 75 ml + Toilettas,GIFTSET,SG 75 ml + BL 75 ml + Toilettas,0,37.00,EU Clean
783320822711,Bvlgari Jasmin Noir EDP 100 ml,EDP,,0,42.50,EU Clean
783320491115,Bvlgari Jasmin Noir EDP 100 ml + EDP 15 ml + Toilettas,GIFTSET,EDP 15 ml + Toilettas,0,49.69,EU Clean
783320822704,Bvlgari Jasmin Noir EDP 50 ml,EDP,,0,23.76,EU Clean
783320822926,Bvlgari Jasmin Noir EDT 50 ml,EDT,,0,30.00,EU Clean
783320824197,Bvlgari Jasmin Noir Giftset EDP 30 ml + EDP 10 ml ,GIFTSET,EDP 10 ml ,0,,EU Clean
783320461231,Bvlgari Le Gemme Noorah EDP 30 ml ,EDP,,2,52.43,EU Clean
783320468438,Bvlgari Le Gemme Nylaia EDP 100 ml ,EDP,,2,89.00,EU Clean
783320468414,Bvlgari Le Gemme Veridia EDP 100 ml ,EDP,,2,89.00,EU Clean
783320971525,Bvlgari Man EDT 100 ml,EDT,,0,,EU Clean
783320971624,Bvlgari Man EDT 150 ml ,EDT,,0,34.50,EU Clean
783320971228,Bvlgari Man EDT 30 ml,EDT,,0,17.00,EU Clean
783320971020,Bvlgari Man EDT 60 ml,EDT,,0,20.00,EU Clean
783320971556,Bvlgari Man Extreme EDT 100 ml ,EDT,,0,35.00,EU Clean
783320971051,Bvlgari Man Extreme EDT 60 ml,EDT,,0,25.00,EU Clean
783320806247,Bvlgari Man Giftset EDT 100 ml + EDT 15 ml ,EDT,,0,36.00,EU Clean
783320975691,Bvlgari Man In Black Deostick 75 ml,DST,,0,29.90,EU Clean
783320971563,Bvlgari Man In Black EDP 100 ml,EDP,,0,35.50,EU Clean
783320971266,Bvlgari Man In Black EDP 30 ml,EDP,,0,19.00,EU Clean
783320490149,Bvlgari Man In Black Giftset EDP 100 ml + Aftershave Balm 75 ml + Showergel 75 ml ,GIFTSET,ASB 75 ml + SG 75 ml,0,35.90,EU Clean
783320490712,Bvlgari Man In Black Giftset EDP 60 ml + Aftershave Balm 40 ml + Showergel 40 ml ,GIFTSET,ASB 40 ml + SG 40 ml ,0,31.00,EU Clean
783320971549,Bvlgari Man The Silver Limited Edition EDT 100 ml,EDT,,7,29.45,EU Clean
783320402012,Bvlgari Mon Jasmin Noir EDP 25 ml,EDP,,0,18.50,EU Clean
783320402111,Bvlgari Mon Jasmin Noir EDP 50 ml   ,EDP,,0,29.50,EU Clean
783320402517,Bvlgari Mon Jasmin Noir EDP 75 ml,EDP,,0,,EU Clean
783320804960,Bvlgari Mon Jasmin Noir Giftset EDP 50 ml + EDP 15 ml + Bodylotion 40 ml ,GIFTSET, EDP 15 ml + BL 40 ml,0,31.50,EU Clean
783320402524,Bvlgari Mon Jasmin Noir L'Eau Exquise EDT 75 ml,EDT,,0,32.90,EU Clean
783320952111,Bvlgari Omnia Amethyste EDT 40 ml ,EDT,,0,20.00,EU Clean
783320952517,Bvlgari Omnia Amethyste EDT 65 ml,EDT,,0,27.75,EU Clean
783320442506,Bvlgari Omnia Coral EDT 65 ml  ,EDT,,0,28.00,EU Clean
783320804472,Bvlgari Omnia Coral Giftset EDT 65 ml + EDT 15 ml ,EDT,,0,,EU Clean
783320922176,Bvlgari Omnia Crystalline EDP 40 ml,EDP,,0,17.50,EU Clean
783320922572,Bvlgari Omnia Crystalline EDP 65 ml,EDP,,0,31.95,EU Clean
783320922169,Bvlgari Omnia Crystalline EDT 40 ml,EDT,,0,22.00,EU Clean
783320922565,Bvlgari Omnia Crystalline EDT 65 ml,EDT,,0,28.50,EU Clean
783320892110,Bvlgari Omnia EDP 40 ml,EDP,,0,17.28,EU Clean
783320892516,Bvlgari Omnia EDP 65 ml,EDP,,0,34.00,EU Clean
783320962110,Bvlgari Omnia Green Jade EDT 40 ml,EDT,,0,22.00,EU Clean
783320962516,Bvlgari Omnia Green Jade EDT 65 ml,EDT,,0,28.00,EU Clean
783320829413,Bvlgari Omnia Pink Sapphire EDT 65 ml,EDT,,0,29.95,EU Clean
783320402593,Bvlgari pour Femme EDP 100 ml,EDP,,0,,EU Clean
783320822490,Bvlgari pour Femme EDP 50 ml,EDP,,0,21.60,EU Clean
783320822391,Bvlgari pour Femme EDT 100 ml,EDT,,0,27.00,EU Clean
783320831096,Bvlgari pour Homme EDT 50 ml,EDT,,0,18.00,EU Clean
783320831560,Bvlgari pour Homme Soir EDT 100 ml,EDT,,0,25.92,EU Clean
783320831065,Bvlgari pour Homme Soir EDT 50 ml,EDT,,0,19.44,EU Clean
783320822414,Bvlgari Rose Essentiëlle EDP 100 ml,EDP,,0,32.40,EU Clean
783320404528,Bvlgari Rose Goldea Blossom Delight Giftset EDP 75 ml + EDP 15 ml + Toilettas,EDP,,1,39.50,EU Clean
783320404528,Bvlgari Rose Goldea Blossom Delight Giftset EDP 75 ml + EDP 15 ml + Toilettas,EDP,,5,39.50,EU Clean
783320502019,Bvlgari Rose Goldea EDP 25 ml,EDP,,0,28.00,EU Clean
783320502514,Bvlgari Rose Goldea EDP 90 ml,EDP,,0,,EU Clean
783320977350,Bvlgari Splendida Jasmin Noir EDP 50 ml,EDP,,0,23.00,EU Clean
783320977343,Bvlgari Splendida Magnolia Sensuel EDP 100 ml,EDP,,0,48.95,EU Clean
783320977336,Bvlgari Splendida Rose Rose EDP 100 ml,EDP,,0,25.00,EU Clean
783320823022,Bvlgari Voile de Jasmin EDT 100 ml,EDT,,0,29.16,EU Clean
3360373063680,Cacharel Amor Amor EDT 100 ml,EDT,,0,31.00,EU Clean
3360373063697,Cacharel Amor Amor EDT 30 ml ,EDT,,0,18.50,EU Clean
3360373063703,Cacharel Amor Amor EDT 50 ml ,EDT,,0,24.50,EU Clean
3605520663871,Cacharel Amor Amor Tentation EDP 100 ml,EDP,,0,37.80,EU Clean
3360373047147,Cacharel Amor pour Homme EDT 125 ml,EDT,,0,28.00,EU Clean
3360373047130,Cacharel Amor pour Homme EDT 75 ml,EDT,,0,,EU Clean
3360373068401,Cacharel Anaïs Anaïs EDP 50 ml,EDP,,0,,EU Clean
3360374533205,Cacharel Anaïs Anaïs EDT 100 ml,EDT,,0,31.75,EU Clean
3360370512044,Cacharel Anaïs Anaïs EDT 30 ml,EDT,,0,14.00,EU Clean
3360374507206,Cacharel Anaïs Anaïs EDT 50 ml,EDT,,0,20.00,EU Clean
3360373048861,Cacharel Eden EDP 30 ml,EDP,,0,14.00,EU Clean
3360373048878,Cacharel Eden EDP 50 ml,EDP,,0,22.95,EU Clean
3605520286575,Cacharel Liberté EDT 50 ml,EDT,,0,20.00,EU Clean
3360373000098,Cacharel Lou Lou EDP 100 ml,EDP,,0,36.00,EU Clean
3360373000074,Cacharel Lou Lou EDP 30 ml,EDP,,0,14.00,EU Clean
3360373000081,Cacharel Lou Lou EDP 50 ml,EDP,,0,28.75,EU Clean
3605520937958,Cacharel Noa Dream EDT 50 ml,EDT,,0,27.00,EU Clean
3360373016358,Cacharel Noa EDT 100 ml,EDT,,0,33.50,EU Clean
3360373016334,Cacharel Noa EDT 30 ml,EDT,,0,16.00,EU Clean
3360373016341,Cacharel Noa EDT 50 ml,EDT,,1,18.00,EU Clean
8718758319078,Cacharel Noa EDT 50 ml,EDT,,11,18.00,EU Clean